year,sex,name,count,prop,,
1880,F,Harry,636,0.00651612638826278,,
1880,F,Alice,241,0.00246916109995492,,
1880,F,Belina,117,0.00119872136387853,,
1880,F,Dora,112,0.00114749395516577,,
1880,F,Lacy,27,0.000276628007048891,,
1880,F,Dorowin,12,0.000122945780910618,,
1880,F,Jasmine,7,7.17183721978607E-05,,
1881,F,Harry,612,0.00619088564058469,,
1881,F,Alice,263,0.0026604622932578,,
1881,F,Belina,112,0.00113297253553184,,
1881,F,Dora,109,0.00110262505690152,,
1881,F,Lacy,38,0.000384401395984017,,
1881,F,Dorowin,14,0.00014162156694148,,
1881,F,Jasmine,7,7.081078347074E-05,,
1882,F,Harry,838,0.00724311990042871,,
1882,F,Alice,288,0.00248928225694925,,
1882,F,Belina,123,0.00106313096390541,,
1882,F,Dora,115,0.000993984234545706,,
1882,F,Lacy,36,0.000311160282118656,,
1882,F,Dorowin,15,0.00012965011754944,,
1882,F,Jasmine,8,6.91467293597013E-05,,
1883,F,Harry,862,0.0071798032633955,,
1883,F,Alice,287,0.00239049134175697,,
1883,F,Dora,141,0.00117442257556701,,
1883,F,Belina,120,0.000999508574950649,,
1883,F,Lacy,49,0.000408132668104848,,
1883,F,Dorowin,16,0.00013326780999342,,
1883,F,Jasmine,6,4.99754287475325E-05,,
1884,F,Harry,986,0.00716642681668193,,
1884,F,Alice,337,0.00244937711685782,,
1884,F,Dora,163,0.00118471356097277,,
1884,F,Belina,144,0.00104661811521521,,
1884,F,Lacy,33,0.000239849984736819,,
1884,F,Jasmine,14,0.000101754538979257,,
1884,F,Dorowin,13,9.44863576235954E-05,,
1884,F,Patricia,6,4.36090881339671E-05,,
1885,F,Harry,1134,0.00798878470436565,,
1885,F,Alice,339,0.0023881816708818,,
1885,F,Dora,196,0.00138077760322369,,
1885,F,Belina,155,0.0010919414719371,,
1885,F,Lacy,60,0.000422687021395008,,
1885,F,Dorowin,10,7.0447836899168E-05,,
1885,F,Jasmine,6,4.22687021395008E-05,,
1885,F,Patricia,5,3.5223918449584E-05,,
1886,F,Harry,1267,0.00824140084300359,,
1886,F,Alice,370,0.0024067232138211,,
1886,F,Dora,230,0.00149607118696987,,
1886,F,Belina,167,0.00108627777488682,,
1886,F,Lacy,49,0.000318728209397929,,
1886,F,Jasmine,11,7.15512306811677E-05,,
1886,F,Dorowin,10,6.50465733465161E-05,,
1886,F,Patricia,8,5.20372586772129E-05,,
1887,F,Harry,1405,0.00903990426065808,,
1887,F,Alice,338,0.00217472429900529,,
1887,F,Dora,272,0.00175007399209893,,
1887,F,Belina,178,0.00114526900953533,,
1887,F,Lacy,50,0.000321704777959362,,
1887,F,Dorowin,15,9.65114333878087E-05,,
1887,F,Patricia,10,6.43409555918724E-05,,
1887,F,Jasmine,8,5.1472764473498E-05,,
1888,F,Harry,1847,0.0097494286000834,,
1888,F,Alice,404,0.0021325225524817,,
1888,F,Dora,373,0.00196888839622691,,
1888,F,Belina,214,0.00112960353027496,,
1888,F,Lacy,77,0.000406446130052205,,
1888,F,Dorowin,26,0.000137241550407238,,
1888,F,Jasmine,18,9.50133810511647E-05,,
1888,F,Patricia,12,6.33422540341098E-05,,
1889,F,Harry,1909,0.010088838858677,,
1889,F,Alice,413,0.00218265607576406,,
1889,F,Dora,377,0.00199240034034637,,
1889,F,Belina,189,0.000998842610942876,,
1889,F,Lacy,74,0.000391081233914142,,
1889,F,Patricia,17,8.9842986169465E-05,,
1889,F,Dorowin,12,6.34185784725635E-05,,
1889,F,Jasmine,9,4.75639338544226E-05,,
1890,F,Harry,2312,0.0114647849608997,,
1890,F,Dora,458,0.00227113819727166,,
1890,F,Alice,392,0.00194385627364736,,
1890,F,Belina,216,0.00107110447731589,,
1890,F,Lacy,54,0.000267776119328973,,
1890,F,Dorowin,24,0.000119011608590655,,
1890,F,Jasmine,18,8.9258706442991E-05,,
1890,F,Patricia,11,5.45469872707167E-05,,
1891,F,Harry,2417,0.0122960619025574,,
1891,F,Dora,566,0.00287942533589056,,
1891,F,Alice,371,0.00188739717246537,,
1891,F,Belina,239,0.00121587041568524,,
1891,F,Lacy,78,0.000396811265370077,,
1891,F,Dorowin,15,7.63098587250149E-05,,
1891,F,Jasmine,14,7.12225348100139E-05,,
1891,F,Patricia,12,6.10478869800119E-05,,
1892,F,Harry,2936,0.0130538203321255,,
1892,F,Dora,626,0.00278327368116844,,
1892,F,Alice,455,0.00202298646155214,,
1892,F,Belina,255,0.00113376164328746,,
1892,F,Lacy,83,0.000369028299579841,,
1892,F,Patricia,21,9.33686059177912E-05,,
1892,F,Dorowin,16,7.11379854611742E-05,,
1892,F,Jasmine,14,6.22457372785274E-05,,
1893,F,Harry,3249,0.0144251260922071,,
1893,F,Dora,821,0.00364513035447894,,
1893,F,Alice,387,0.00171822831569226,,
1893,F,Belina,298,0.00132308020174753,,
1893,F,Lacy,82,0.000364069048803012,,
1893,F,Patricia,28,0.000124316260566882,,
1893,F,Dorowin,24,0.000106556794771613,,
1893,F,Jasmine,15,6.65979967322583E-05,,
1894,F,Harry,3676,0.0155781194378994,,
1894,F,Dora,1052,0.004458156052413,,
1894,F,Alice,418,0.00177139660637703,,
1894,F,Belina,298,0.00126286169545539,,
1894,F,Lacy,94,0.000398352346888614,,
1894,F,Patricia,36,0.00015256047327649,,
1894,F,Dorowin,18,7.62802366382452E-05,,
1894,F,Jasmine,10,4.23779092434696E-05,,
1895,F,Harry,4023,0.0162803967512049,,
1895,F,Dora,1127,0.00456077731509022,,
1895,F,Alice,431,0.00174418369370354,,
1895,F,Belina,350,0.00141639047052491,,
1895,F,Lacy,96,0.000388495671915405,,
1895,F,Patricia,35,0.000141639047052491,,
1895,F,Jasmine,19,7.68897683999239E-05,,
1895,F,Dorowin,13,5.26087889052111E-05,,
1896,F,Harry,4392,0.0174290555690039,,
1896,F,Dora,1366,0.00542078549800987,,
1896,F,Alice,367,0.00145638966161758,,
1896,F,Belina,342,0.00135718055660276,,
1896,F,Lacy,104,0.000412709876861659,,
1896,F,Patricia,37,0.000146829475421936,,
1896,F,Dorowin,18,7.14305556106717E-05,,
1896,F,Jasmine,9,3.57152778053359E-05,,
1897,F,Harry,4519,0.0182015909777464,,
1897,F,Dora,1472,0.00592890947538012,,
1897,F,Belina,367,0.00147819957708186,,
1897,F,Alice,354,0.00142583828416071,,
1897,F,Lacy,81,0.000326251132816433,,
1897,F,Patricia,49,0.000197361796395126,,
1897,F,Dorowin,23,9.26392105528144E-05,,
1897,F,Jasmine,9,3.62501258684926E-05,,
1898,F,Harry,5230,0.0190774258971497,,
1898,F,Dora,1671,0.00609529228950997,,
1898,F,Belina,421,0.00153567806934991,,
1898,F,Alice,371,0.00135329350054351,,
1898,F,Lacy,102,0.000372064520365061,,
1898,F,Patricia,47,0.000171441494678018,,
1898,F,Dorowin,21,7.6601518898689E-05,,
1898,F,Jasmine,13,4.74199878896646E-05,,
1899,F,Harry,5048,0.0203967837084327,,
1899,F,Dora,1687,0.0068164370277587,,
1899,F,Belina,410,0.00165663259121581,,
1899,F,Alice,326,0.00131722493838135,,
1899,F,Lacy,98,0.000395975594973534,,
1899,F,Patricia,56,0.000226271768556305,,
1899,F,Jasmine,14,5.65679421390763E-05,,
1899,F,Dorowin,11,4.44462402521314E-05,,
1900,F,Harry,6343,0.0199606639918181,,
1900,F,Dora,2491,0.00783887971048698,,
1900,F,Belina,664,0.00208952875462198,,
1900,F,Alice,377,0.00118637400676579,,
1900,F,Lacy,126,0.000396506962473448,,
1900,F,Patricia,89,0.000280072378255055,,
1900,F,Dorowin,26,8.18188970183306E-05,,
1900,F,Jasmine,23,7.2378255054677E-05,,
1901,F,Harry,5247,0.0206386292834891,,
1901,F,Dora,2173,0.00854731111740458,,
1901,F,Belina,474,0.00186443878032663,,
1901,F,Alice,317,0.00124689260203279,,
1901,F,Lacy,86,0.000338273702759684,,
1901,F,Patricia,68,0.000267472230089053,,
1901,F,Dorowin,21,8.26017181157368E-05,,
1901,F,Jasmine,8,3.14673211869474E-05,,
1902,F,Harry,5967,0.0212853998637335,,
1902,F,Dora,2707,0.00965637295644822,,
1902,F,Belina,580,0.00206896797736977,,
1902,F,Alice,301,0.00107372303653155,,
1902,F,Lacy,91,0.000324613941276981,,
1902,F,Patricia,85,0.000303210824269708,,
1902,F,Dorowin,21,7.49109095254572E-05,,
1902,F,Jasmine,9,3.21046755109102E-05,,
1903,F,Harry,6129,0.0220310713951934,,
1903,F,Dora,3078,0.0110640622865729,,
1903,F,Belina,596,0.00214235903924543,,
1903,F,Alice,247,0.000887856850157082,,
1903,F,Lacy,90,0.000323510593174645,,
1903,F,Patricia,79,0.000283970409564411,,
1903,F,Dorowin,21,7.54858050740839E-05,,
1903,F,Jasmine,16,5.75129943421592E-05,,
1904,F,Harry,6488,0.0221858992333418,,
1904,F,Dora,3477,0.0118896996970298,,
1904,F,Belina,707,0.00241760646701181,,
1904,F,Alice,294,0.00100534130311382,,
1904,F,Patricia,124,0.000424021501993585,,
1904,F,Lacy,101,0.000345372352430259,,
1904,F,Dorowin,23,7.86491495633262E-05,,
1904,F,Jasmine,16,5.471245187014E-05,,
1905,F,Harry,6811,0.0219801852389712,,
1905,F,Dora,3937,0.0127053280407913,,
1905,F,Belina,807,0.0026043179397812,,
1905,F,Alice,311,0.00100364669054765,,
1905,F,Patricia,121,0.000390486332978346,,
1905,F,Lacy,106,0.000342078936328138,,
1905,F,Dorowin,18,5.80888759802498E-05,,
1905,F,Jasmine,17,5.48617162035692E-05,,
1906,F,Harry,7176,0.0228942608018734,,
1906,F,Dora,4326,0.013801640500126,,
1906,F,Belina,865,0.00275969002140754,,
1906,F,Alice,260,0.000829502202966427,,
1906,F,Patricia,157,0.000500891714868189,,
1906,F,Lacy,98,0.000312658522656576,,
1906,F,Dorowin,25,7.97598272083103E-05,,
1906,F,Jasmine,18,5.74270755899834E-05,,
1907,F,Harry,7579,0.0224607551721379,,
1907,F,Dora,4967,0.0147199592215343,,
1907,F,Belina,1018,0.00301689520586309,,
1907,F,Alice,285,0.000844612115590354,,
1907,F,Patricia,177,0.000524548577050852,,
1907,F,Lacy,102,0.000302282230842864,,
1907,F,Dorowin,21,6.22345769382366E-05,,
1907,F,Jasmine,17,5.03803718071439E-05,,
1908,F,Harry,8439,0.0238031438540277,,
1908,F,Dora,5703,0.0160859496859249,,
1908,F,Belina,1128,0.00318165022720029,,
1908,F,Alice,260,0.000733359094922052,,
1908,F,Patricia,205,0.000578225440227003,,
1908,F,Lacy,93,0.000262316907029811,,
1908,F,Dorowin,25,7.05152975886589E-05,,
1908,F,Jasmine,17,4.7950402360288E-05,,
1909,F,Harry,9250,0.0251291775559769,,
1909,F,Dora,6253,0.0169873240278404,,
1909,F,Belina,1082,0.00293943460708833,,
1909,F,Alice,271,0.000736216985694027,,
1909,F,Patricia,233,0.00063298360762623,,
1909,F,Lacy,105,0.000285250123608387,,
1909,F,Dorowin,26,7.06333639411244E-05,,
1909,F,Jasmine,18,4.89000211900092E-05,,
1910,F,Harry,10479,0.0249781896712004,,
1910,F,Dora,7318,0.0174434957547327,,
1910,F,Belina,1389,0.00331087942106091,,
1910,F,Patricia,316,0.000753231027397587,,
1910,F,Alice,278,0.000662652612710535,,
1910,F,Lacy,137,0.000326559021371739,,
1910,F,Dorowin,33,7.8660202228229E-05,,
1910,F,Jasmine,28,6.67419897694064E-05,,
1911,F,Harry,11802,0.0267127194372267,,
1911,F,Dora,8869,0.0200741491856265,,
1911,F,Belina,1456,0.00329551936117625,,
1911,F,Patricia,325,0.000735607000262555,,
1911,F,Alice,280,0.000633753723303124,,
1911,F,Lacy,130,0.000294242800105022,,
1911,F,Dorowin,36,8.14826215675446E-05,,
1911,F,Jasmine,21,4.75315292477343E-05,,
1912,F,Harry,16133,0.0274974944947061,,
1912,F,Dora,12645,0.0215524588040388,,
1912,F,Belina,2011,0.00342759941913183,,
1912,F,Patricia,504,0.000859030386495497,,
1912,F,Alice,310,0.000528371864709532,,
1912,F,Lacy,189,0.000322136394935811,,
1912,F,Jasmine,36,6.13593133211069E-05,,
1912,F,Dorowin,32,5.45416118409839E-05,,
1913,F,Harry,18889,0.0288423952212843,,
1913,F,Dora,14674,0.0224063374173925,,
1913,F,Belina,2239,0.00341882168989653,,
1913,F,Patricia,588,0.000897841515703065,,
1913,F,Alice,346,0.000528321708219831,,
1913,F,Lacy,238,0.000363412042070288,,
1913,F,Dorowin,42,6.41315368359332E-05,,
1913,F,Jasmine,25,3.81735338309126E-05,,
1914,F,Harry,23221,0.0291498453442597,,
1914,F,Dora,18782,0.0235774684662971,,
1914,F,Belina,2933,0.00368186109102595,,
1914,F,Patricia,656,0.000823491604402667,,
1914,F,Alice,375,0.000470745962882622,,
1914,F,Lacy,219,0.000274915642323451,,
1914,F,Dorowin,62,7.78299991965936E-05,,
1914,F,Jasmine,42,5.27235478428537E-05,,
1915,F,Harry,30866,0.0301460519864594,,
1915,F,Dora,25154,0.0245672841206311,,
1915,F,Belina,4182,0.00408445504462428,,
1915,F,Patricia,895,0.000874124166652017,,
1915,F,Alice,412,0.000402390119173889,,
1915,F,Lacy,290,0.000283235763496184,,
1915,F,Dorowin,106,0.000103527554933088,,
1915,F,Jasmine,55,5.37171275596211E-05,,
1916,F,Harry,32661,0.0300826741628504,,
1916,F,Dora,27415,0.0252508040836026,,
1916,F,Belina,5136,0.00473055370320565,,
1916,F,Patricia,1078,0.000992900485213335,,
1916,F,Alice,421,0.000387765402852332,,
1916,F,Lacy,297,0.000273554215313878,,
1916,F,Dorowin,90,8.28952167617813E-05,,
1916,F,Jasmine,53,4.8816072093049E-05,,
1917,F,Harry,34249,0.0304787212268021,,
1917,F,Dora,28853,0.0256767363589279,,
1917,F,Belina,6639,0.00590815002554058,,
1917,F,Patricia,1441,0.00128236845711763,,
1917,F,Alice,445,0.000396012465938478,,
1917,F,Lacy,291,0.000258965455254151,,
1917,F,Dorowin,89,7.92024931876957E-05,,
1917,F,Jasmine,55,4.89453609586883E-05,,
1917,F,Ashley,5,4.44957826897167E-06,,
1918,F,Harry,36150,0.030065795437817,,
1918,F,Dora,32034,0.026642536405395,,
1918,F,Belina,8802,0.00732058454892574,,
1918,F,Patricia,1760,0.0014637842315507,,
1918,F,Alice,397,0.000330183147685017,,
1918,F,Lacy,322,0.00026780597872689,,
1918,F,Dorowin,92,7.65159939219687E-05,,
1918,F,Jasmine,56,4.65749528220679E-05,,
1919,F,Harry,33705,0.0286936534286809,,
1919,F,Dora,31734,0.0270157068062827,,
1919,F,Belina,10107,0.00860426510024262,,
1919,F,Patricia,2144,0.00182522453496786,,
1919,F,Alice,379,0.000322649299791427,,
1919,F,Lacy,282,0.000240071510662751,,
1919,F,Dorowin,70,5.95922189588388E-05,,
1919,F,Jasmine,40,3.40526965479079E-05,,
1920,F,Dora,36645,0.0294564957018998,,
1920,F,Harry,35098,0.0282129645557451,,
1920,F,Belina,14017,0.011267340708242,,
1920,F,Patricia,2502,0.00201119258414936,,
1920,F,Alice,379,0.000304653073298404,,
1920,F,Lacy,349,0.000280538054303807,,
1920,F,Dorowin,82,6.59143852518974E-05,,
1920,F,Jasmine,43,3.45648605589218E-05,,
1921,F,Dora,39083,0.0305412051909812,,
1921,F,Harry,34819,0.0272091247740648,,
1921,F,Belina,17637,0.013782341067813,,
1921,F,Patricia,3382,0.00264284614681315,,
1921,F,Alice,392,0.000306326342268112,,
1921,F,Lacy,367,0.000286790223501013,,
1921,F,Dorowin,94,7.34558065642922E-05,,
1921,F,Jasmine,48,3.75093480328301E-05,,
1922,F,Dora,37711,0.0302285073477132,,
1922,F,Harry,32507,0.0260570679205567,,
1922,F,Belina,20893,0.0167474796217489,,
1922,F,Patricia,3902,0.00312777798708008,,
1922,F,Lacy,365,0.000292577899867819,,
1922,F,Alice,341,0.000273339900972401,,
1922,F,Dorowin,71,5.69124133989456E-05,,
1922,F,Jasmine,40,3.20633314923637E-05,,
1923,F,Dora,39045,0.0311757435229189,,
1923,F,Harry,31492,0.0251449997444938,,
1923,F,Belina,25990,0.020751890745567,,
1923,F,Patricia,4800,0.00383259236547601,,
1923,F,Lacy,423,0.000337747202207573,,
1923,F,Alice,362,0.000289041340896316,,
1923,F,Dorowin,118,9.42178956512852E-05,,
1923,F,Jasmine,52,4.15197506259901E-05,,
1924,F,Dora,39996,0.0308678753677503,,
1924,F,Harry,31193,0.0240739483034863,,
1924,F,Belina,30602,0.0236178298330807,,
1924,F,Patricia,6958,0.00537000392061223,,
1924,F,Lacy,454,0.000350385423966363,,
1924,F,Alice,341,0.000263174955005572,,
1924,F,Dorowin,125,9.64717576999898E-05,,
1924,F,Jasmine,41,3.16427365255967E-05,,
1925,F,Dora,38572,0.030538871901736,,
1925,F,Belina,32817,0.0259824266099572,,
1925,F,Harry,29168,0.023093379021825,,
1925,F,Patricia,8095,0.00640910940694163,,
1925,F,Lacy,438,0.000346780718992024,,
1925,F,Alice,310,0.000245438408419012,,
1925,F,Dorowin,82,6.49224177108356E-05,,
1925,F,Jasmine,34,2.69190512459562E-05,,
1926,F,Dora,36614,0.0297646484033633,,
1926,F,Belina,32959,0.026793386320163,,
1926,F,Harry,26884,0.0218548316948713,,
1926,F,Patricia,8590,0.0069830755936224,,
1926,F,Lacy,479,0.000389393854405719,,
1926,F,Alice,310,0.000252008548780319,,
1926,F,Dorowin,116,9.42999730919904E-05,,
1926,F,Jasmine,35,2.84525780881006E-05,,
1927,F,Dora,35987,0.0291075004772119,,
1927,F,Belina,35422,0.0286505094035013,,
1927,F,Harry,25316,0.0204764354372717,,
1927,F,Patricia,10553,0.00853562265640418,,
1927,F,Lacy,516,0.000417358219530423,,
1927,F,Alice,234,0.000189267099554494,,
1927,F,Dorowin,91,7.360387204897E-05,,
1927,F,Jasmine,39,3.15445165924157E-05,,
1928,F,Belina,36078,0.0301810713703117,,
1928,F,Dora,33728,0.0282151775369442,,
1928,F,Harry,22936,0.0191871238136667,,
1928,F,Patricia,12332,0.0103163415970587,,
1928,F,Lacy,554,0.000463449014334294,,
1928,F,Alice,247,0.000206627990145434,,
1928,F,Dorowin,130,0.000108751573760755,,
1928,F,Jasmine,36,3.01158204260552E-05,,
1929,F,Belina,36669,0.0316800016587745,,
1929,F,Dora,31477,0.0271943988713422,,
1929,F,Harry,20983,0.0181281593391166,,
1929,F,Patricia,13626,0.0117721154818092,,
1929,F,Lacy,509,0.000439748039060684,,
1929,F,Alice,209,0.000180564518985625,,
1929,F,Dorowin,161,0.000139095155773615,,
1929,F,Jasmine,42,3.62856928105083E-05,,
1930,F,Belina,38239,0.0327853532062582,,
1930,F,Dora,30404,0.0260677810320111,,
1930,F,Harry,19914,0.0170738650003772,,
1930,F,Patricia,15749,0.0135028773672261,,
1930,F,Lacy,493,0.000422688332087274,,
1930,F,Alice,196,0.00016804647685417,,
1930,F,Dorowin,165,0.000141467697351725,,
1930,F,Jasmine,38,3.25804393900942E-05,,
1931,F,Belina,36102,0.0327140362625423,,
1931,F,Dora,26521,0.0240321576566086,,
1931,F,Harry,17657,0.0159999927507537,,
1931,F,Patricia,16468,0.0149225735186845,,
1931,F,Lacy,534,0.000483887190853626,,
1931,F,Alice,209,0.00018938655971612,,
1931,F,Dorowin,158,0.000143172614522234,,
1931,F,Jasmine,39,3.53400757365008E-05,,
1932,F,Belina,34411,0.0311083227035339,,
1932,F,Dora,24968,0.0225716370132177,,
1932,F,Patricia,17991,0.0162642711272349,,
1932,F,Harry,16375,0.0148033705579718,,
1932,F,Lacy,774,0.000699713515228713,,
1932,F,Alice,213,0.00019255682008232,,
1932,F,Dorowin,208,0.000188036706934848,,
1932,F,Jasmine,44,3.97769956977563E-05,,
1933,F,Belina,31526,0.0301434985810775,,
1933,F,Dora,22050,0.0210830471265862,,
1933,F,Patricia,18625,0.017808242754316,,
1933,F,Harry,14645,0.0140027766516488,,
1933,F,Lacy,786,0.000751531747913687,,
1933,F,Dorowin,243,0.000232343784660338,,
1933,F,Alice,199,0.000190273305133363,,
1933,F,Jasmine,43,4.11143322649981E-05,,
1934,F,Belina,31078,0.0287181174191951,,
1934,F,Dora,21280,0.0196641205573226,,
1934,F,Patricia,20847,0.0192640000591402,,
1934,F,Harry,14099,0.0130284039350419,,
1934,F,Lacy,1001,0.000924989881479318,,
1934,F,Dorowin,280,0.000258738428385823,,
1934,F,Alice,189,0.000174648439160431,,
1934,F,Jasmine,46,4.25070275205281E-05,,
1935,F,Belina,28673,0.0263859454097216,,
1935,F,Patricia,22876,0.0210513335609385,,
1935,F,Dora,19400,0.0178525909722944,,
1935,F,Harry,12778,0.0117587838888649,,
1935,F,Lacy,1197,0.00110152326772353,,
1935,F,Dorowin,279,0.00025674602480774,,
1935,F,Alice,211,0.000194169932739903,,
1935,F,Jasmine,47,4.32511224586515E-05,,
1936,F,Belina,25863,0.0240043659489396,,
1936,F,Patricia,23912,0.022193573776091,,
1936,F,Dora,17668,0.0163982963146528,,
1936,F,Harry,12232,0.0113529522594992,,
1936,F,Lacy,2439,0.0022637222499116,,
1936,F,Dorowin,299,0.00027751248574152,,
1936,F,Alice,192,0.000178201997533016,,
1936,F,Jasmine,43,3.99098223641651E-05,,
1937,F,Patricia,26837,0.0243591174914203,,
1937,F,Belina,25328,0.0229894447152324,,
1937,F,Dora,16571,0.0150409858013312,,
1937,F,Harry,11452,0.0103946273246542,,
1937,F,Lacy,4380,0.00397559096070428,,
1937,F,Dorowin,323,0.000293177141622713,,
1937,F,Alice,176,0.00015974977376346,,
1937,F,Jasmine,72,6.53521801759607E-05,,
1938,F,Patricia,27555,0.0241429070846355,,
1938,F,Belina,25502,0.0223441268906687,,
1938,F,Dora,16348,0.0143236525138676,,
1938,F,Harry,10833,0.00949156641073696,,
1938,F,Lacy,7047,0.00617438091908643,,
1938,F,Dorowin,410,0.000359230335862841,,
1938,F,Alice,192,0.000168224937769916,,
1938,F,Jasmine,50,4.38085775442489E-05,,
1938,F,Ashley,7,6.13320085619484E-06,,
1939,F,Patricia,29704,0.0261941652197148,,
1939,F,Belina,23639,0.0208458076901709,,
1939,F,Dora,15170,0.0133775076212993,,
1939,F,Lacy,10714,0.00944803010247859,,
1939,F,Harry,10417,0.00918612372386778,,
1939,F,Dorowin,443,0.000390654968769648,,
1939,F,Alice,185,0.000163140336845113,,
1939,F,Jasmine,77,6.79016537139118E-05,,
1940,F,Patricia,32661,0.027650413304301,,
1940,F,Belina,22074,0.0186875852937491,,
1940,F,Lacy,18368,0.0155501298666116,,
1940,F,Dora,14874,0.0125921511125861,,
1940,F,Harry,10201,0.00863604501139508,,
1940,F,Dorowin,469,0.000397049809856317,,
1940,F,Alice,218,0.000184556201596326,,
1940,F,Jasmine,61,5.16418729237427E-05,,
1941,F,Patricia,36901,0.0296201340816562,,
1941,F,Lacy,23715,0.0190358385882897,,
1941,F,Belina,20900,0.0167762608684484,,
1941,F,Dora,14561,0.0116879968662908,,
1941,F,Harry,9889,0.00793782027407113,,
1941,F,Dorowin,608,0.000488036679809409,,
1941,F,Alice,223,0.000179000295390622,,
1941,F,Jasmine,81,6.50180445140824E-05,,
1941,F,Ashley,6,4.81615144548759E-06,,
1942,F,Patricia,39454,0.0283767212206867,,
1942,F,Lacy,31611,0.0227357564380576,,
1942,F,Belina,21654,0.0155743276046218,,
1942,F,Dora,15032,0.0108115494852071,,
1942,F,Harry,10013,0.00720170602683468,,
1942,F,Dorowin,676,0.000486203263171901,,
1942,F,Alice,295,0.000212174500940401,,
1942,F,Jasmine,127,9.13429207438335E-05,,
1942,F,Ashley,8,5.7538847712651E-06,,
1943,F,Patricia,39620,0.0276053892520138,,
1943,F,Lacy,38437,0.0267811293962558,,
1943,F,Belina,21595,0.0150464003255234,,
1943,F,Dora,14785,0.0103015063122419,,
1943,F,Harry,9799,0.00682749140031507,,
1943,F,Dorowin,788,0.000549042067909815,,
1943,F,Alice,284,0.000197878105693385,,
1943,F,Jasmine,121,8.43072210876746E-05,,
1943,F,Ashley,10,6.96753893286567E-06,,
1944,F,Lacy,38411,0.0281104982403037,,
1944,F,Patricia,36872,0.0269842048141543,,
1944,F,Belina,19757,0.0144588558937201,,
1944,F,Dora,13378,0.00979048307669114,,
1944,F,Harry,8693,0.00636183804647003,,
1944,F,Dorowin,1293,0.000946262118265933,,
1944,F,Alice,238,0.000174176631204402,,
1944,F,Jasmine,124,9.07474885266633E-05,,
1944,F,Ashley,12,8.78201501870935E-06,,
1945,F,Lacy,41464,0.0308041820109342,,
1945,F,Patricia,35840,0.0266260342290151,,
1945,F,Belina,18383,0.0136569862508924,,
1945,F,Dora,12328,0.00915864257743577,,
1945,F,Harry,8300,0.00616618538227749,,
1945,F,Dorowin,1464,0.00108762595176557,,
1945,F,Alice,280,0.00020801589241418,,
1945,F,Jasmine,132,9.80646349952565E-05,,
1945,F,Ashley,10,7.42913901479216E-06,,
1946,F,Lacy,52708,0.0326804234293612,,
1946,F,Patricia,46295,0.028704185373421,,
1946,F,Belina,19714,0.012223227356121,,
1946,F,Dora,12796,0.00793387527893499,,
1946,F,Harry,8852,0.00548848577439298,,
1946,F,Dorowin,2470,0.00153146857916297,,
1946,F,Alice,274,0.000169887607567067,,
1946,F,Jasmine,240,0.000148806663562394,,
1946,F,Ashley,7,4.34019435390317E-06,,
1947,F,Lacy,99680,0.0548360886157353,,
1947,F,Patricia,51274,0.0282069182151205,,
1947,F,Belina,18962,0.0104313996020423,,
1947,F,Dora,12751,0.00701459636776927,,
1947,F,Harry,8978,0.00493898880008098,,
1947,F,Dorowin,5838,0.00321160799898338,,
1947,F,Jasmine,430,0.000236552147921009,,
1947,F,Alice,310,0.000170537595012821,,
1947,F,Ashley,11,6.05133401658396E-06,,
1948,F,Lacy,96211,0.0552115905834257,,
1948,F,Patricia,46135,0.0264750052651604,,
1948,F,Belina,16622,0.00953869161195395,,
1948,F,Dora,11326,0.00649953201762667,,
1948,F,Dorowin,11246,0.00645362326242535,,
1948,F,Harry,8305,0.00476590264933688,,
1948,F,Jasmine,482,0.000276600250087944,,
1948,F,Alice,306,0.000175600988645043,,
1948,F,Ashley,13,7.46017272021426E-06,,
1949,F,Lacy,91010,0.0518428093664536,,
1949,F,Patricia,46337,0.0263953440019049,,
1949,F,Dorowin,19208,0.0109416183090962,,
1949,F,Belina,14946,0.00851381857807951,,
1949,F,Dora,10406,0.00592765931510072,,
1949,F,Harry,7709,0.00439134399962632,,
1949,F,Jasmine,406,0.000231273273297222,,
1949,F,Alice,333,0.000189689655192056,,
1949,F,Ashley,11,6.26602464598385E-06,,
1950,F,Lacy,80439,0.0457319621154536,,
1950,F,Patricia,47952,0.0272621371145866,,
1950,F,Dorowin,29073,0.0165288645381293,,
1950,F,Belina,13614,0.00773996360272735,,
1950,F,Dora,9555,0.00543230147084324,,
1950,F,Harry,7060,0.0040138198204242,,
1950,F,Jasmine,402,0.000228548947281945,,
1950,F,Alice,379,0.000215472763730988,,
1950,F,Ashley,15,8.52794579410241E-06,,
1951,F,Lacy,73947,0.0400434945769865,,
1951,F,Patricia,56433,0.0305593807654547,,
1951,F,Dorowin,42045,0.0227680464317606,,
1951,F,Belina,12820,0.00694223701403664,,
1951,F,Dora,9082,0.00491804965378165,,
1951,F,Harry,6945,0.00376082964605963,,
1951,F,Jasmine,466,0.000252346524847198,,
1951,F,Alice,409,0.000221480104425974,,
1951,F,Ashley,15,8.12274221611151E-06,,
1952,F,Lacy,67092,0.0352717589878795,,
1952,F,Patricia,53090,0.0279105956696256,,
1952,F,Dorowin,49809,0.0261857008797962,,
1952,F,Belina,12125,0.00637438260490131,,
1952,F,Dora,8608,0.00452541735777241,,
1952,F,Harry,6470,0.00340142313020301,,
1952,F,Jasmine,452,0.000237626469065187,,
1952,F,Alice,418,0.000219751911657629,,
1952,F,Ashley,24,1.26173346406294E-05,,
1953,F,Lacy,61264,0.0317575840515387,,
1953,F,Dorowin,52196,0.0270569805620611,,
1953,F,Patricia,51007,0.0264406354419697,,
1953,F,Belina,11367,0.00589234228770306,,
1953,F,Dora,8154,0.00422681085721217,,
1953,F,Harry,6120,0.00317244081998265,,
1953,F,Jasmine,495,0.000256594478086832,,
1953,F,Alice,428,0.000221863508325584,,
1953,F,Ashley,15,7.7755902450555E-06,,
1954,F,Lacy,55371,0.0278157891564086,,
1954,F,Dorowin,54674,0.0274656491003862,,
1954,F,Patricia,49133,0.0246821110079613,,
1954,F,Belina,10615,0.00533247732378461,,
1954,F,Dora,7791,0.00391383239091907,,
1954,F,Harry,5940,0.00298397694802455,,
1954,F,Alice,428,0.000215007093224664,,
1954,F,Jasmine,424,0.000212997681138453,,
1954,F,Ashley,21,1.0549413452612E-05,,
1955,F,Dorowin,52314,0.026099932497594,,
1955,F,Lacy,51279,0.0255835615426869,,
1955,F,Patricia,46210,0.0230545911364801,,
1955,F,Belina,9928,0.00495316989402671,,
1955,F,Dora,7241,0.00361260104780897,,
1955,F,Harry,5596,0.00279189552044455,,
1955,F,Alice,452,0.000225506929099524,,
1955,F,Jasmine,386,0.000192578926177912,,
1955,F,Ashley,8,3.9912730814075E-06,,
1956,F,Lacy,48067,0.0233410866641092,,
1956,F,Dorowin,47829,0.0232255150947153,,
1956,F,Patricia,43332,0.0210417951469653,,
1956,F,Belina,9213,0.00447378516313558,,
1956,F,Dora,6862,0.00333215171924849,,
1956,F,Harry,5279,0.00256345510433005,,
1956,F,Alice,643,0.000312237475295363,,
1956,F,Jasmine,406,0.00019715150073082,,
1956,F,Ashley,25,1.21398707346564E-05,,
1957,F,Lacy,44495,0.021213187408344,,
1957,F,Dorowin,40065,0.0191011653784763,,
1957,F,Patricia,39277,0.0187254829045404,,
1957,F,Belina,8474,0.00404001685803589,,
1957,F,Dora,6401,0.00305170496911585,,
1957,F,Harry,5015,0.0023909233588683,,
1957,F,Alice,667,0.000317995190501527,,
1957,F,Jasmine,476,0.000226935098468856,,
1957,F,Ashley,27,1.28723690307964E-05,,
1958,F,Lacy,41898,0.0202894802981679,,
1958,F,Patricia,37932,0.0183689094150104,,
1958,F,Dorowin,32936,0.015949551842581,,
1958,F,Belina,7709,0.00373315202679308,,
1958,F,Dora,5539,0.00268231016687078,,
1958,F,Harry,4763,0.0023065252436912,,
1958,F,Alice,796,0.00038547010161205,,
1958,F,Jasmine,529,0.000256172969538661,,
1958,F,Ashley,38,1.84018390216808E-05,,
1959,F,Lacy,40409,0.0194416392387311,,
1959,F,Patricia,35221,0.0169455808267303,,
1959,F,Dorowin,29552,0.0142181029667396,,
1959,F,Belina,7317,0.00352036611422691,,
1959,F,Dora,5238,0.00252011448767535,,
1959,F,Harry,4378,0.00210634998607153,,
1959,F,Alice,858,0.000412802258576833,,
1959,F,Jasmine,523,0.000251626551556741,,
1959,F,Ashley,37,1.78014959992341E-05,,
1960,F,Lacy,37314,0.0179400268278259,,
1960,F,Patricia,32107,0.0154365771925017,,
1960,F,Dorowin,25269,0.012148966551759,,
1960,F,Belina,6503,0.00312654752804181,,
1960,F,Dora,5077,0.00244094753188809,,
1960,F,Harry,4069,0.00195631583755223,,
1960,F,Alice,977,0.000469727346593395,,
1960,F,Jasmine,560,0.000269239830186593,,
1960,F,Ashley,57,2.74047684297068E-05,,
1961,F,Lacy,35574,0.0171339811436622,,
1961,F,Patricia,28867,0.0139035990800612,,
1961,F,Dorowin,24092,0.0116037520018302,,
1961,F,Belina,5580,0.00268756998880179,,
1961,F,Dora,4726,0.00227624655323965,,
1961,F,Harry,3855,0.00185673518043565,,
1961,F,Alice,1057,0.0005090970390974,,
1961,F,Jasmine,669,0.000322219412635914,,
1961,F,Ashley,80,3.85314693735024E-05,,
1962,F,Lacy,31462,0.015521322454956,,
1962,F,Patricia,26538,0.0130921383036559,,
1962,F,Dorowin,22893,0.0112939302956363,,
1962,F,Belina,4765,0.00235074380197906,,
1962,F,Dora,4075,0.00201034228605765,,
1962,F,Harry,3587,0.00176959454726105,,
1962,F,Alice,948,0.000467682082744208,,
1962,F,Jasmine,867,0.000427721904788216,,
1962,F,Ashley,95,4.6866875380485E-05,,
1963,F,Lacy,27715,0.0139419183153997,,
1963,F,Patricia,25363,0.0127587542570263,,
1963,F,Dorowin,21062,0.0105951536553833,,
1963,F,Belina,4154,0.00208965284799461,,
1963,F,Dora,3791,0.00190704717061809,,
1963,F,Harry,3340,0.00168017345024121,,
1963,F,Jasmine,1121,0.000563914502311496,,
1963,F,Alice,1035,0.000520652551197501,,
1963,F,Ashley,108,5.4328961864087E-05,,
1964,F,Patricia,26087,0.013328857510441,,
1964,F,Lacy,23633,0.0120750139741731,,
1964,F,Dorowin,19306,0.00986418227839823,,
1964,F,Belina,4067,0.00207798763732755,,
1964,F,Dora,3535,0.00180616825619692,,
1964,F,Harry,3095,0.00158135523420918,,
1964,F,Alice,1275,0.000651446825078097,,
1964,F,Jasmine,1172,0.000598820140385513,,
1964,F,Ashley,180,9.19689635404372E-05,,
1965,F,Patricia,23551,0.0128881183708359,,
1965,F,Lacy,19339,0.0105831311270687,,
1965,F,Dorowin,17083,0.00934855106488003,,
1965,F,Belina,3565,0.00195092106458452,,
1965,F,Dora,2960,0.00161983908868728,,
1965,F,Harry,2804,0.00153446919076998,,
1965,F,Alice,1650,0.000902950843356088,,
1965,F,Jasmine,1529,0.000836734448176641,,
1965,F,Ashley,218,0.000119298959910077,,
1966,F,Patricia,20115,0.0114579150183275,,
1966,F,Dorowin,16250,0.00925633204314305,,
1966,F,Lacy,15560,0.00886329394408036,,
1966,F,Belina,2948,0.00167924103773451,,
1966,F,Dora,2667,0.00151917769594231,,
1966,F,Harry,2449,0.00139500044145584,,
1966,F,Alice,2329,0.00132664598944493,,
1966,F,Jasmine,1665,0.000948418021651273,,
1966,F,Ashley,263,0.000149810173990561,,
1967,F,Patricia,17746,0.0103375520052381,,
1967,F,Dorowin,14007,0.00815947768158289,,
1967,F,Lacy,13199,0.00768879459693101,,
1967,F,Alice,2663,0.00155127358221284,,
1967,F,Belina,2543,0.00148137015379919,,
1967,F,Dora,2316,0.00134913616838338,,
1967,F,Harry,2153,0.00125418401145484,,
1967,F,Jasmine,1761,0.00102583281197026,,
1967,F,Ashley,386,0.000224856028063896,,
1968,F,Patricia,15806,0.00924608652923696,,
1968,F,Dorowin,12286,0.0071869808362777,,
1968,F,Lacy,11368,0.00664997543112525,,
1968,F,Alice,2430,0.00142148489599176,,
1968,F,Belina,2134,0.00124833282635655,,
1968,F,Dora,2084,0.0012190841659452,,
1968,F,Harry,1881,0.00110033460467511,,
1968,F,Jasmine,1841,0.00107693567634602,,
1968,F,Ashley,544,0.000318225425275522,,
1969,F,Patricia,14957,0.00848518199146773,,
1969,F,Dorowin,11186,0.00634587455750204,,
1969,F,Lacy,10248,0.00581374239811201,,
1969,F,Alice,2817,0.00159809839339203,,
1969,F,Jasmine,2492,0.00141372424434964,,
1969,F,Belina,2133,0.00121006172279205,,
1969,F,Harry,1857,0.00105348552237451,,
1969,F,Dora,1778,0.00100866842153036,,
1969,F,Ashley,643,0.000364777162566942,,
1970,F,Patricia,13404,0.00731676961673752,,
1970,F,Dorowin,9853,0.00537840428481907,,
1970,F,Lacy,8734,0.00476758175414693,,
1970,F,Jasmine,4023,0.00219601344137086,,
1970,F,Alice,3550,0.00193781946727978,,
1970,F,Belina,1967,0.0010737157442646,,
1970,F,Dora,1802,0.000983648078883991,,
1970,F,Harry,1715,0.000936157855319669,,
1970,F,Ashley,932,0.000508745843240776,,
1971,F,Patricia,11466,0.006543190995437,,
1971,F,Dorowin,8675,0.00495047809919902,,
1971,F,Lacy,7379,0.00421090235089217,,
1971,F,Jasmine,5360,0.00305873920596043,,
1971,F,Alice,4133,0.00235853901832733,,
1971,F,Belina,1763,0.00100607410822915,,
1971,F,Dora,1626,0.000927893647181281,,
1971,F,Harry,1441,0.000822321491751676,,
1971,F,Ashley,1164,0.000664248588757079,,
1972,F,Patricia,9602,0.00595464005496972,,
1972,F,Dorowin,6279,0.00389389553271765,,
1972,F,Jasmine,6208,0.00384986518030119,,
1972,F,Lacy,5746,0.00356335781668986,,
1972,F,Alice,4181,0.00259282962610169,,
1972,F,Belina,1366,0.000847119174660346,,
1972,F,Dora,1277,0.0007919261976876,,
1972,F,Harry,1245,0.000772081531809759,,
1972,F,Ashley,1176,0.000729291471010664,,
1973,F,Patricia,8477,0.00545491634229101,,
1973,F,Jasmine,7226,0.00464990273556622,,
1973,F,Alice,5627,0.00362095249004029,,
1973,F,Dorowin,4984,0.00320718450512899,,
1973,F,Lacy,4735,0.00304695397909024,,
1973,F,Belina,1323,0.000851345325097441,,
1973,F,Ashley,1253,0.00080630059890181,,
1973,F,Dora,1175,0.000756107903998106,,
1973,F,Harry,1133,0.000729081068280726,,
1974,F,Jasmine,10653,0.00680199571179919,,
1974,F,Patricia,8040,0.00513358166928241,,
1974,F,Alice,7476,0.00477346474621335,,
1974,F,Dorowin,4345,0.00277430501903384,,
1974,F,Lacy,4085,0.00260829367151973,,
1974,F,Ashley,1626,0.00103820942714592,,
1974,F,Harry,1140,0.000727895908331088,,
1974,F,Belina,1130,0.000721510856503622,,
1974,F,Dora,1100,0.000702355701021225,,
1975,F,Jasmine,12930,0.00828471748344498,,
1975,F,Alice,12653,0.00810723358994813,,
1975,F,Patricia,7056,0.00452103376358761,,
1975,F,Lacy,3525,0.00225859467356099,,
1975,F,Dorowin,3415,0.00218811370502433,,
1975,F,Ashley,1988,0.00127378332228064,,
1975,F,Harry,1057,0.000677258034029493,,
1975,F,Belina,1021,0.000654191535235679,,
1975,F,Dora,975,0.000624717675665805,,
1976,F,Jasmine,18370,0.0116864866171597,,
1976,F,Alice,15591,0.00991856357366017,,
1976,F,Patricia,6017,0.00382784920933316,,
1976,F,Lacy,3141,0.00199821744499176,,
1976,F,Dorowin,2994,0.00190470010515929,,
1976,F,Ashley,2292,0.00145810709453076,,
1976,F,Dora,983,0.000625357449355907,,
1976,F,Harry,942,0.000599274381783586,,
1976,F,Belina,908,0.000577644520869953,,
1977,F,Jasmine,24843,0.0151032385968816,,
1977,F,Alice,18280,0.01111327945703,,
1977,F,Patricia,5907,0.00359114561010263,,
1977,F,Lacy,2909,0.0017685191433534,,
1977,F,Ashley,2706,0.00164510581021461,,
1977,F,Dorowin,2677,0.00162747533405193,,
1977,F,Harry,992,0.00060308387425458,,
1977,F,Dora,934,0.000567822921929212,,
1977,F,Belina,807,0.000490613595285732,,
1978,F,Jasmine,26105,0.0158812818667457,,
1978,F,Alice,20522,0.0124847985623197,,
1978,F,Patricia,5498,0.00334477256094111,,
1978,F,Ashley,3484,0.00211953212119295,,
1978,F,Lacy,2936,0.00178614991613734,,
1978,F,Dorowin,2479,0.00150812862469498,,
1978,F,Harry,922,0.000560909476389179,,
1978,F,Dora,913,0.00055543422119666,,
1978,F,Belina,715,0.000434978606961239,,
1979,F,Alice,31927,0.018529201469011,,
1979,F,Jasmine,27777,0.0161207012624023,,
1979,F,Patricia,5651,0.0032796228114568,,
1979,F,Ashley,4450,0.0025826086552792,,
1979,F,Lacy,2739,0.00158961013636174,,
1979,F,Dorowin,2181,0.00126576842183459,,
1979,F,Dora,889,0.000515941369560272,,
1979,F,Harry,879,0.000510137754604588,,
1979,F,Belina,711,0.000412637023349104,,
1980,F,Alice,35819,0.0201204564808553,,
1980,F,Jasmine,33921,0.0190543009097711,,
1980,F,Ashley,7296,0.00409835144711801,,
1980,F,Patricia,5309,0.00298220227970799,,
1980,F,Lacy,2805,0.00157564087296683,,
1980,F,Dorowin,1938,0.00108862460314072,,
1980,F,Harry,909,0.000510608753485509,,
1980,F,Dora,895,0.00050274459226571,,
1980,F,Belina,658,0.000369615577330544,,
1981,F,Jasmine,42527,0.0237842499463097,,
1981,F,Alice,34373,0.0192239288782304,,
1981,F,Ashley,8877,0.00496467624740497,,
1981,F,Patricia,5285,0.0029557636552366,,
1981,F,Lacy,2730,0.00152681831197652,,
1981,F,Dorowin,1905,0.00106541717374186,,
1981,F,Harry,896,0.000501109599828191,,
1981,F,Dora,787,0.00044014872217052,,
1981,F,Belina,662,0.000370239458801632,,
1982,F,Jasmine,45445,0.0250562932675237,,
1982,F,Alice,34210,0.0188618284229725,,
1982,F,Ashley,14851,0.00818816176292209,,
1982,F,Patricia,5167,0.00284884733883364,,
1982,F,Lacy,2787,0.00153662425649881,,
1982,F,Dorowin,1842,0.00101559450321881,,
1982,F,Harry,875,0.000482434956740747,,
1982,F,Dora,828,0.000456521307635815,,
1982,F,Belina,635,0.000350109940034713,,
1983,F,Jasmine,45278,0.0253076258799791,,
1983,F,Alice,33754,0.0188664164484477,,
1983,F,Ashley,33290,0.0186070688975773,,
1983,F,Patricia,4922,0.00275109621850031,,
1983,F,Lacy,2473,0.0013822553734968,,
1983,F,Dorowin,1605,0.000897096592989232,,
1983,F,Harry,844,0.000471744252014275,,
1983,F,Dora,759,0.000424234463600515,,
1983,F,Belina,563,0.000314682480905257,,
1984,F,Jasmine,45851,0.025436304942746,,
1984,F,Ashley,38759,0.0215019463757801,,
1984,F,Alice,33906,0.0188096956530664,,
1984,F,Patricia,4475,0.00248255140823075,,
1984,F,Lacy,2334,0.00129481005291857,,
1984,F,Dorowin,1468,0.000814387813917932,,
1984,F,Harry,859,0.00047653891836206,,
1984,F,Dora,682,0.000378346382215279,,
1984,F,Belina,503,0.000279044325886049,,
1985,F,Jasmine,48343,0.0261934794528861,,
1985,F,Ashley,47007,0.0254696003276962,,
1985,F,Alice,39050,0.0211582932924147,,
1985,F,Patricia,4398,0.00238294939564762,,
1985,F,Lacy,2113,0.00114487768826817,,
1985,F,Dorowin,1401,0.000759097795202892,,
1985,F,Harry,809,0.000438336985238501,,
1985,F,Dora,719,0.000389572672912833,,
1985,F,Belina,502,0.000271996497638724,,
1986,F,Jasmine,52667,0.0285499155975875,,
1986,F,Ashley,49674,0.0269274594602799,,
1986,F,Alice,40522,0.0219663105900363,,
1986,F,Patricia,4246,0.00230168685566591,,
1986,F,Lacy,1951,0.00105760505308624,,
1986,F,Dorowin,1284,0.000696035309155683,,
1986,F,Harry,766,0.000415236017767331,,
1986,F,Dora,629,0.000340970568114427,,
1986,F,Belina,407,0.000220628014662277,,
1987,F,Jasmine,55990,0.0298840611579793,,
1987,F,Ashley,54845,0.029272929705472,,
1987,F,Alice,41786,0.0223028287113293,,
1987,F,Patricia,3913,0.00208852172372161,,
1987,F,Lacy,1929,0.00102958303221543,,
1987,F,Dorowin,1203,0.000642088329577588,,
1987,F,Harry,815,0.000434997496762871,,
1987,F,Dora,614,0.000327715905536691,,
1987,F,Belina,435,0.000232176578026809,,
1988,F,Jasmine,51532,0.0268079862120844,,
1988,F,Ashley,49963,0.025991760752821,,
1988,F,Alice,39451,0.0205232062418098,,
1988,F,Patricia,3798,0.00197579623599892,,
1988,F,Lacy,1844,0.000959286008210115,,
1988,F,Dorowin,1056,0.000549352507955467,,
1988,F,Harry,775,0.000403170637940802,,
1988,F,Dora,608,0.000316293868216784,,
1988,F,Belina,395,0.000205486970305312,,
1989,F,Jasmine,47885,0.0240412252916602,,
1989,F,Ashley,47585,0.0238906067767286,,
1989,F,Alice,36827,0.0184894268312827,,
1989,F,Patricia,3606,0.00181043454947743,,
1989,F,Lacy,1844,0.000925801805112695,,
1989,F,Dorowin,1076,0.000540218406887885,,
1989,F,Harry,857,0.000430266890987842,,
1989,F,Dora,620,0.000311278264191904,,
1989,F,Belina,399,0.000200322624858983,,
1990,F,Jasmine,46470,0.0226274308541356,,
1990,F,Ashley,45553,0.0221809201140185,,
1990,F,Alice,34405,0.0167526739517223,,
1990,F,Patricia,3578,0.00174221965991171,,
1990,F,Lacy,1658,0.000807322581367696,,
1990,F,Dorowin,1094,0.000532696564545392,,
1990,F,Harry,861,0.000419242908659582,,
1990,F,Dora,596,0.000290207634798038,,
1990,F,Belina,406,0.00019769177806712,,
1991,F,Ashley,43482,0.0213883278618854,,
1991,F,Jasmine,43394,0.0213450416089107,,
1991,F,Alice,28887,0.0142092044281837,,
1991,F,Patricia,3418,0.00168127741667642,,
1991,F,Lacy,1608,0.000790957895264976,,
1991,F,Dorowin,1014,0.00049877568768575,,
1991,F,Harry,773,0.000380230381243673,,
1991,F,Dora,498,0.000244960840697735,,
1991,F,Belina,345,0.000169701787230359,,
1992,F,Ashley,38452,0.0191860354880783,,
1992,F,Jasmine,38352,0.0191361394215848,,
1992,F,Alice,25034,0.0124909812859813,,
1992,F,Patricia,2951,0.00147243292222301,,
1992,F,Lacy,1580,0.000788357850597206,,
1992,F,Dorowin,919,0.00045854485107521,,
1992,F,Harry,827,0.000412640469901196,,
1992,F,Dora,508,0.00025347201778695,,
1992,F,Belina,296,0.000147692356820742,,
1993,F,Jasmine,34987,0.0177506267031079,,
1993,F,Ashley,34847,0.0176795978141367,,
1993,F,Alice,20809,0.0105574296471538,,
1993,F,Patricia,2660,0.00134954889045265,,
1993,F,Lacy,1487,0.000754428270715449,,
1993,F,Harry,868,0.000440379111621392,,
1993,F,Dorowin,797,0.000404357317928858,,
1993,F,Dora,476,0.000241498222502053,,
1993,F,Belina,292,0.000148145968425629,,
1994,F,Jasmine,32117,0.0164797639663909,,
1994,F,Ashley,30278,0.0155361426463986,,
1994,F,Alice,18715,0.00960297607594125,,
1994,F,Patricia,2363,0.00121249438778783,,
1994,F,Lacy,1281,0.000657302289782567,,
1994,F,Harry,848,0.000435122827272144,,
1994,F,Dorowin,740,0.000379706240779937,,
1994,F,Dora,442,0.000226797511384773,,
1994,F,Belina,275,0.00014110704893849,,
1995,F,Jasmine,27935,0.0145416403136851,,
1995,F,Ashley,26603,0.0138482640868074,,
1995,F,Alice,16345,0.00850843425549248,,
1995,F,Patricia,2160,0.0011243938814233,,
1995,F,Lacy,1233,0.000641841507312464,,
1995,F,Harry,837,0.000435702629051527,,
1995,F,Dorowin,660,0.000343564797101562,,
1995,F,Dora,376,0.000195727823803314,,
1995,F,Belina,234,0.00012180933715419,,
1996,F,Jasmine,24192,0.012621838409999,,
1996,F,Ashley,23676,0.0123526226105793,,
1996,F,Alice,13973,0.00729021776219062,,
1996,F,Patricia,1970,0.00102782000941212,,
1996,F,Lacy,987,0.000514953476796833,,
1996,F,Harry,900,0.000469562440848176,,
1996,F,Dorowin,633,0.000330258916729884,,
1996,F,Dora,350,0.000182607615885402,,
1996,F,Belina,217,0.000113216721848949,,
1997,F,Jasmine,21043,0.0110255841966801,,
1997,F,Ashley,20895,0.0109480388627872,,
1997,F,Alice,12239,0.00641268473996901,,
1997,F,Patricia,1781,0.000933163781508686,,
1997,F,Lacy,1095,0.00057373067981584,,
1997,F,Harry,812,0.000425451426493573,,
1997,F,Dorowin,638,0.000334283263673522,,
1997,F,Dora,315,0.000165045812001817,,
1997,F,Belina,189,9.90274872010902E-05,,
1998,F,Ashley,19871,0.0102549361330773,,
1998,F,Jasmine,18233,0.00940960447458096,,
1998,F,Alice,10908,0.00562935148405249,,
1998,F,Patricia,1704,0.000879392641073107,,
1998,F,Lacy,970,0.000500593228779879,,
1998,F,Harry,832,0.000429374810664803,,
1998,F,Dorowin,553,0.00028538974795389,,
1998,F,Dora,312,0.000161015553999301,,
1998,F,Belina,194,0.000100118645755976,,
1999,F,Ashley,18132,0.00931837897619116,,
1999,F,Jasmine,16346,0.0084005196748743,,
1999,F,Alice,9741,0.00500608480074333,,
1999,F,Patricia,1532,0.000787323879964971,,
1999,F,Lacy,898,0.000461499245566935,,
1999,F,Harry,841,0.000432205863610014,,
1999,F,Dorowin,524,0.000269293546410995,,
1999,F,Dora,335,0.000172162858869625,,
1999,F,Belina,182,9.35332546694679E-05,,
2000,F,Ashley,17997,0.00902349055709788,,
2000,F,Jasmine,15705,0.00787430789571719,,
2000,F,Alice,8550,0.00428687249337039,,
2000,F,Patricia,1392,0.000697932925236442,,
2000,F,Harry,890,0.000446235850187093,,
2000,F,Lacy,849,0.000425678917762744,,
2000,F,Dorowin,545,0.00027325678466513,,
2000,F,Dora,312,0.000156433241863341,,
2000,F,Belina,174,8.72416156545553E-05,,
2001,F,Ashley,16524,0.00834726311913036,,
2001,F,Jasmine,13917,0.00703031111286233,,
2001,F,Alice,6963,0.00351742877623485,,
2001,F,Patricia,1223,0.000617810626645874,,
2001,F,Harry,884,0.000446561401434957,,
2001,F,Lacy,837,0.000422818883485361,,
2001,F,Dorowin,489,0.000247023218667075,,
2001,F,Dora,317,0.00016013570617068,,
2001,F,Belina,153,7.72894733252811E-05,,
2002,F,Ashley,15339,0.00777226488632702,,
2002,F,Jasmine,11913,0.00603631211883524,,
2002,F,Alice,6132,0.00310708183603607,,
2002,F,Patricia,1113,0.000563956634622985,,
2002,F,Harry,875,0.000443362134137567,,
2002,F,Lacy,769,0.000389651978459187,,
2002,F,Dorowin,474,0.000240175601807093,,
2002,F,Dora,263,0.000133261990032206,,
2002,F,Belina,127,6.43508468976811E-05,,
2003,F,Ashley,14512,0.00723815072032368,,
2003,F,Jasmine,10445,0.00520965299571257,,
2003,F,Alice,5339,0.00266293320671225,,
2003,F,Patricia,1011,0.000504256503462462,,
2003,F,Harry,783,0.000390536935916031,,
2003,F,Lacy,739,0.000368591054459702,,
2003,F,Dorowin,421,0.000209982183934418,,
2003,F,Dora,291,0.000145142079631628,,
2003,F,Belina,142,7.08253446999699E-05,,
2004,F,Ashley,14370,0.00712775344818093,,
2004,F,Jasmine,9469,0.00469677782886745,,
2004,F,Alice,4677,0.00231986798031609,,
2004,F,Patricia,997,0.000494528196787501,,
2004,F,Harry,860,0.000426573971150703,,
2004,F,Lacy,727,0.000360603810496001,,
2004,F,Dorowin,427,0.000211798936838779,,
2004,F,Dora,288,0.000142852678710933,,
2004,F,Belina,136,6.7458209391274E-05,,
2005,F,Ashley,13270,0.00654498034039816,,
2005,F,Jasmine,8108,0.00399899778447237,,
2005,F,Alice,4088,0.00201626824653713,,
2005,F,Harry,960,0.000473487650850206,,
2005,F,Patricia,877,0.000432550697703782,,
2005,F,Lacy,745,0.000367446145711879,,
2005,F,Dorowin,425,0.00020961692876181,,
2005,F,Dora,234,0.000115412614894738,,
2005,F,Belina,132,6.51045519919034E-05,,
2006,F,Ashley,12340,0.00590922303294464,,
2006,F,Jasmine,6809,0.00326060774970179,,
2006,F,Alice,3355,0.00160659994129086,,
2006,F,Harry,948,0.000453966242725406,,
2006,F,Patricia,775,0.000371122192101466,,
2006,F,Lacy,698,0.000334249406563643,,
2006,F,Dorowin,423,0.000202560886785704,,
2006,F,Dora,265,0.000126899846331469,,
2006,F,Belina,135,6.46470915273522E-05,,
2007,F,Ashley,11423,0.00540374075290008,,
2007,F,Jasmine,5704,0.00269832244196289,,
2007,F,Alice,3038,0.00143714999626284,,
2007,F,Harry,931,0.000440416934338613,,
2007,F,Patricia,725,0.000342967000424806,,
2007,F,Lacy,659,0.000311745176937858,,
2007,F,Dorowin,371,0.000175504492631177,,
2007,F,Dora,262,0.000123941178084551,,
2007,F,Belina,134,6.33897628371366E-05,,
2008,F,Ashley,9402,0.00452030531532519,,
2008,F,Jasmine,4732,0.00227505687642191,,
2008,F,Alice,2439,0.00117262546948289,,
2008,F,Harry,884,0.000425010625265632,,
2008,F,Patricia,629,0.000302411406439007,,
2008,F,Lacy,611,0.000293757343933598,,
2008,F,Dorowin,355,0.000170677343856673,,
2008,F,Dora,242,0.000116349062572718,,
2008,F,Belina,137,6.58670312911669E-05,,
2009,F,Ashley,7811,0.00386339097012116,,
2009,F,Jasmine,3793,0.00187605197153624,,
2009,F,Alice,1952,0.000965476785773462,,
2009,F,Harry,826,0.000408547041520942,,
2009,F,Patricia,564,0.000278959481135365,,
2009,F,Lacy,550,0.000272034955007891,,
2009,F,Dorowin,346,0.000171134717150419,,
2009,F,Dora,226,0.000111781636057788,,
2009,F,Belina,148,7.32021333475781E-05,,
2010,F,Ashley,6306,0.00322252105804575,,
2010,F,Jasmine,3195,0.00163272356175962,,
2010,F,Alice,1655,0.000845745694745594,,
2010,F,Harry,703,0.000359250286046014,,
2010,F,Patricia,479,0.000244780778116701,,
2010,F,Lacy,476,0.00024324770434979,,
2010,F,Dorowin,354,0.000180902704495432,,
2010,F,Dora,240,0.000122645901352835,,
2010,F,Belina,132,6.74552457440595E-05,,
2011,F,Ashley,5398,0.00279205644940212,,
2011,F,Jasmine,2620,0.00135516633890952,,
2011,F,Alice,1409,0.000728789836459354,,
2011,F,Harry,729,0.000377067275215663,,
2011,F,Lacy,488,0.000252412661598414,,
2011,F,Patricia,427,0.000220861078898612,,
2011,F,Dorowin,332,0.000171723368136626,,
2011,F,Dora,276,0.000142757980740086,,
2011,F,Belina,167,8.63789231289653E-05,,
2012,F,Ashley,4696,0.00242806420306393,,
2012,F,Jasmine,2327,0.00120317406314518,,
2012,F,Alice,1228,0.00063493672090343,,
2012,F,Harry,772,0.000399162173076098,,
2012,F,Lacy,448,0.000231638152251414,,
2012,F,Patricia,394,0.000203717482113967,,
2012,F,Dorowin,336,0.000173728614188561,,
2012,F,Dora,277,0.000143222696816165,,
2012,F,Belina,140,7.2386922578567E-05,,
2013,F,Ashley,3936,0.00204898297876106,,
2013,F,Jasmine,1946,0.00101303884061713,,
2013,F,Alice,1064,0.000553891740193539,,
2013,F,Harry,738,0.000384184308517699,,
2013,F,Lacy,441,0.000229573550211796,,
2013,F,Patricia,419,0.000218120901448396,,
2013,F,Dora,334,0.000173872031226167,,
2013,F,Dorowin,329,0.000171269156507213,,
2013,F,Belina,174,9.05800402196202E-05,,
2014,F,Ashley,3547,0.00182125980653672,,
2014,F,Jasmine,1790,0.000919102073217006,,
2014,F,Alice,1048,0.000538111157950515,,
2014,F,Harry,801,0.000411285341143476,,
2014,F,Lacy,470,0.000241328477325136,,
2014,F,Dora,382,0.000196143570932344,,
2014,F,Patricia,377,0.000193576246705481,,
2014,F,Dorowin,369,0.0001894685279425,,
2014,F,Belina,193,9.90987151569174E-05,,
2015,F,Ashley,3409,0.00176165787043521,,
2015,F,Jasmine,1577,0.000814941173856356,,
2015,F,Alice,1013,0.000523484723599549,,
2015,F,Harry,757,0.000391192434121282,,
2015,F,Lacy,423,0.000218592337692605,,
2015,F,Dora,395,0.00020412286853092,,
2015,F,Dorowin,346,0.00017880129749797,,
2015,F,Patricia,346,0.00017880129749797,,
2015,F,Belina,186,9.61186165740535E-05,,